Participant;Narration;RE;Discourse;Accessibility;Right_Hand_Movement;Left_Hand_Movement;Left_Space_Use;Right_Space_Use;Duration
2.0;1;FARE;Introduction;-2.0;0.22280284996953326;0.23909531276806553;0.1056642215468024;0.1028895728997751;0.4
2.0;1;FARE;Re-introduction;0.0;0.3211053724372032;0.3701335968897455;0.11790244098220168;0.0909030666765028;0.58
2.0;2;KEDİ;Introduction;0.0;0.5768171892206007;0.6136641544292774;0.19175378442602672;0.19306140375272543;0.58
2.0;2;KEDİ;Re-introduction;0.0;0.2256876203434821;0.25280247582693377;0.11372821287939547;0.0853868474260819;0.36
2.0;2;KEDİ;Re-introduction;1.0;0.4549202094974531;0.48936968254407465;0.0787235921287126;0.11810685614000646;0.42000000000000004
2.0;3;FARE;Introduction;-1.0;0.37042289404013723;0.4096849791658754;0.13237493667677058;0.09422062236655679;0.26
2.0;3;FARE;Re-introduction;1.0;0.1116040055304865;0.130992781611893;0.0314284243096168;0.0472738257039567;0.26
2.0;3;FARE;Re-introduction;1.0;0.16977400856334648;0.19360213195540288;0.029248782475774716;0.024203581423051745;0.2
2.0;3;KEDİ;Introduction;-1.0;0.24782783968432034;0.2604924299151932;0.12279144902716774;0.1148670409629399;0.5
2.0;3;KEDİ;Re-introduction;1.0;0.176808111677679;0.1874094578436652;0.0163652842290513;0.0437553526146293;0.14
2.0;3;KEDİ;Re-introduction;1.0;0.1010781732355096;0.118426831695519;0.026935176217324695;0.02262374770872496;0.16
2.0;4;FARE;Introduction;-1.0;0.3937688240420984;0.43401711550413896;0.20189711910213184;0.14743485280289442;0.48
2.0;4;FARE;Maintenance;4.0;0.11261757940861;0.12129087281440108;0.027763491815057828;0.024596094762253898;0.24
2.0;4;FARE;Re-introduction;1.0;0.296428781330458;0.3443910203726011;0.1141956640239722;0.1204560177289179;0.42000000000000004
2.0;4;FARE;Re-introduction;1.0;0.1446367986964108;0.1681186653504071;0.0675853374574135;0.0597124870256414;0.36
2.0;4;FARE;Re-introduction;1.0;0.5994780275710903;0.6150830330508791;0.1293239633878657;0.14471802225454944;0.48
2.0;4;KEDİ;Introduction;-1.0;0.1536420330321869;0.1713517739715913;0.0682796052264561;0.041308681924475725;0.34
2.0;5;FARE;Introduction;-1.0;0.4976387560410403;0.5305415358050627;0.19559960319752148;0.1498769441341099;0.4
2.0;5;FARE;Re-introduction;1.0;0.3795468030515374;0.4191189990083405;0.10366535219248121;0.13558095586888957;0.48
2.0;5;KEDİ;Introduction;1.0;0.5663569079903684;0.593589733413076;0.24365364195348543;0.2862964583241777;0.5
2.0;5;KEDİ;Re-introduction;0.0;0.3062990581275837;0.3274214570406315;0.0583611477272727;0.04185994887089252;0.28
2.0;6;FARE;Introduction;-1.0;0.48216992475331;0.5106759340557535;0.13774611962905633;0.1305258740560318;0.62
2.0;6;FARE;Re-introduction;0.0;0.1438281616032117;0.16460346091595546;0.037121073261503705;0.0550092655754151;0.34
2.0;6;KEDİ;Introduction;1.0;0.2528302099229452;0.2899780329235769;0.0547362437168212;0.0692818202959429;0.2
2.0;6;KEDİ;Re-introduction;1.0;0.3099912743876097;0.3466588877760834;0.0717916324482329;0.060250919055965;0.22
2.0;7;KEDİ;Introduction;-1.0;0.8102149740260264;0.8380021087973866;0.17947003903456749;0.17415230778575777;0.3
2.0;7;KEDİ;Re-introduction;2.0;0.3449577878561382;0.35010299776205206;0.055696183391877596;0.1896803196297267;0.22
2.0;8;FARE;Introduction;0.0;0.4581418789148178;0.4729862438185743;0.0867798684890366;0.030297816889334132;0.2
2.0;8;FARE;Maintenance;5.0;0.170810764773496;0.1710393967171852;0.0300453437413449;0.0107768832052711;0.14
2.0;8;FARE;Re-introduction;3.0;0.08852086524330909;0.1079058943683015;0.0416394553040307;0.0328474062069771;0.18
2.0;8;KEDİ;Re-introduction;1.0;0.4361000362573537;0.4910313890594591;0.13515017929217726;0.15463190801687812;0.56
2.0;9;FARE;Introduction;0.0;0.4044556630863826;0.4496441181929255;0.10118012073506977;0.0807715034637502;0.54
2.0;9;FARE;Maintenance;4.0;0.19159349465488812;0.2096771698369246;0.060746373177532446;0.046345545875483;0.26
2.0;9;FARE;Re-introduction;2.0;0.1552519600049568;0.1740492370480902;0.0552647036749319;0.023862718558490502;0.32
2.0;9;FARE;Re-introduction;1.0;0.3791927607380961;0.42152889403000626;0.1469200520187369;0.12268426482219896;0.56
2.0;9;FARE;Re-introduction;1.0;0.2286986303724837;0.251346854509098;0.0444146362318149;0.03093152041156991;0.3
2.0;9;KEDİ;Introduction;1.0;0.4580954007214636;0.49582774664035295;0.1326778227750989;0.17741177157518523;0.8599999999999999
2.0;9;KEDİ;Re-introduction;0.0;0.0854489743661718;0.0975622153941614;0.0542289447828729;0.0168630470840039;0.12
2.0;10;FARE;Introduction;1.0;0.3188466474171367;0.34925614203089567;0.12557675533019888;0.10508117907171949;0.52
2.0;10;FARE;Re-introduction;1.0;0.3106065720729288;0.347697461327457;0.1158515031763792;0.11512358275432714;0.5
2.0;10;FARE;Re-introduction;2.0;0.1225081972836186;0.1457702527093597;0.03563661803327485;0.0252192478111921;0.3
2.0;10;KEDİ;Introduction;0.0;0.4367210924558983;0.4950218056987683;0.1588424068745466;0.1359481124758837;0.48
2.0;10;KEDİ;Maintenance;4.0;0.1642722618595543;0.1634569679806971;0.08373028947010301;0.03113903471228965;0.24
2.0;10;KEDİ;Maintenance;4.0;0.2299234009734779;0.2575126750136259;0.0927837437699412;0.09460792810027985;0.18
3.0;1;FARE;Introduction;-1.0;0.7258263332921955;0.794354148378427;0.2648274206502672;0.1871554605599408;0.6
3.0;1;FARE;Re-introduction;1.0;0.7073394585075365;0.7364108149567259;0.09852888115379294;0.08368817539694309;0.42000000000000004
3.0;1;FARE;Re-introduction;1.0;0.2721907669694731;0.29165122975182073;0.092164480075395;0.0899118807314182;0.38
3.0;1;FARE;Re-introduction;1.0;0.2544875870682295;0.2585671132340605;0.0572617367574993;0.0332167556006891;0.28
3.0;1;KEDİ;Introduction;0.0;0.3236537454698896;0.3502712035738685;0.1096285497983293;0.0818868805162896;0.42000000000000004
3.0;1;KEDİ;Maintenance;3.0;0.10280005023726731;0.11275227969667209;0.0546940045274296;0.0579923127114755;0.2
3.0;1;KEDİ;Re-introduction;2.0;0.2522825492439559;0.2650482813719366;0.0819432318739303;0.09577695041493971;0.36
3.0;1;KEDİ;Re-introduction;1.0;0.0755359220687455;0.0867921958267158;0.0441113447855356;0.0333207549109259;0.18
3.0;1;KEDİ;Re-introduction;1.0;0.19666704902582072;0.210248272935734;0.1033872717372228;0.044766310285243506;0.24
3.0;1;KEDİ;Re-introduction;1.0;0.0863910311805028;0.0948796659340181;0.037955449240054104;0.0314232475972637;0.14
3.0;2;KEDİ;Introduction;0.0;0.43074390813383995;0.48677191762125244;0.1455085207964345;0.15254152575466567;0.48
3.0;2;KEDİ;Introduction;-1.0;0.20396609768992902;0.2192382349282711;0.0969751466407269;0.05302086818917486;0.36
3.0;2;KEDİ;Re-introduction;0.0;0.2516552832551852;0.26391050430573365;0.10122490023489311;0.05492557736794727;0.18
3.0;2;KEDİ;Re-introduction;1.0;0.1042370699350806;0.1066528339455749;0.030956769943075613;0.038591817255765604;0.22
3.0;2;KEDİ;Re-introduction;1.0;0.2274616323554401;0.24794722460070628;0.05760127577660512;0.0362646153974964;0.22
3.0;3;FARE;Introduction;-1.0;0.2098960721919122;0.2201920281953458;0.053936922302914435;0.0457806165289654;0.28
3.0;3;FARE;Re-introduction;1.0;0.3158569583129094;0.3049601884147029;0.1922457362642686;0.13343523966775633;0.44
3.0;3;FARE;Re-introduction;1.0;0.10101157621855031;0.11141712969336881;0.0490466461562456;0.0457426083920136;0.26
3.0;3;FARE;Re-introduction;1.0;0.2051561585997805;0.2392961167956909;0.057989257272619596;0.07527893722988122;0.22
3.0;3;FARE;Re-introduction;0.0;0.2530607228352609;0.275627055279203;0.094405155304083;0.0366015826744888;0.28
3.0;3;KEDİ;Introduction;-1.0;1.1592333595605187;1.2342831778748122;0.2194454719304558;0.30411365785323924;0.6
3.0;3;KEDİ;Re-introduction;1.0;0.3199080239563919;0.33143479170058643;0.22135910382462531;0.2066219434670421;0.22
3.0;3;KEDİ;Re-introduction;0.0;0.0827675846449733;0.09240786748786041;0.0206185462384688;0.04931741901996886;0.2
3.0;3;KEDİ;Re-introduction;1.0;0.0787699593121465;0.08246216568046309;0.0233542287331912;0.0334971351439013;0.12
3.0;4;FARE;Introduction;-1.0;0.2428085536883993;0.2704659041140339;0.0764201674493712;0.0465086441247378;0.3
3.0;4;FARE;Introduction;-2.0;0.2740580811023663;0.2706261034857638;0.05901506832134312;0.03952443407582766;0.3
3.0;4;FARE;Re-introduction;1.0;0.594877275000568;0.6538705089272329;0.0961453384760917;0.1188172053408014;0.5
3.0;4;FARE;Re-introduction;1.0;0.2361653519654125;0.2564219543513277;0.0782799047651887;0.09369735815523209;0.32
3.0;4;FARE;Re-introduction;1.0;0.566256815844939;0.6127514412882499;0.1172584964458446;0.1506613058050524;0.42000000000000004
3.0;4;KEDİ;Introduction;1.0;0.3598853761980425;0.3902634470963121;0.1529879181032027;0.1568624158290837;0.66
3.0;4;KEDİ;Re-introduction;1.0;0.2885801468958215;0.315508300128144;0.07644919053579138;0.0649442391936047;0.42000000000000004
3.0;4;KEDİ;Re-introduction;0.0;0.1821274920952086;0.1787119207431674;0.0468583358294905;0.02600836639150071;0.22
3.0;4;KEDİ;Re-introduction;1.0;0.2330898819215844;0.24803316288873078;0.040744945476803004;0.029339217724536702;0.2
3.0;4;KEDİ;Re-introduction;0.0;0.4654152360379512;0.5030515149186546;0.097711859382344;0.0833264701466028;0.26
3.0;5;FARE;Introduction;-1.0;0.424514123249165;0.4546115892920703;0.06294855316518269;0.06880012229695973;0.38
3.0;5;FARE;Maintenance;4.0;0.7227364267318045;0.7800344632168364;0.1601157409981997;0.1735821832516615;0.52
3.0;5;FARE;Re-introduction;0.0;0.31746049440181456;0.3530283796875926;0.0686442869930844;0.0407278362726453;0.38
3.0;5;FARE;Re-introduction;0.0;0.6639248964495202;0.7408761235231683;0.15866412603683355;0.15394090400368088;0.56
3.0;5;FARE;Re-introduction;0.0;0.08788495986146;0.10584446588181681;0.0328528957736902;0.0241441784303639;0.26
3.0;5;FARE;Re-introduction;0.0;0.23172710380429448;0.2727600942775341;0.10006358220879608;0.06469370695225408;0.42000000000000004
3.0;5;KEDİ;Introduction;1.0;0.46533790585485924;0.5073638935656615;0.12834436623272744;0.11552030012868135;0.64
3.0;5;KEDİ;Maintenance;5.0;0.0801170554743868;0.0931895572974154;0.029249952631361598;0.0413911721460178;0.18
3.0;5;KEDİ;Re-introduction;1.0;0.2618015526482833;0.2877363573701387;0.1008333132311827;0.0402535721682315;0.16
3.0;5;KEDİ;Re-introduction;1.0;0.2502394043572174;0.2733303614394919;0.0817889454895321;0.0680347843883835;0.24
3.0;5;KEDİ;Re-introduction;1.0;0.20125844864604558;0.215875275140553;0.08842902134588768;0.11036960715792711;0.42000000000000004
3.0;5;KEDİ;Re-introduction;2.0;0.2012168028041908;0.2072238675293634;0.0923895970828709;0.05657177844185546;0.34
3.0;5;KEDİ;Re-introduction;2.0;0.46820492904587113;0.48575163337157307;0.13136943676807122;0.11397725059552921;0.46
3.0;5;KEDİ;Re-introduction;3.0;0.0180283022582861;0.0244218762013822;0.014928125756853542;0.005780630500412801;0.14
3.0;5;KEDİ;Re-introduction;0.0;0.3683411763550578;0.3931508180499248;0.0779342621867795;0.05926492036676887;0.24
3.0;6;FARE;Introduction;0.0;0.6930415530471773;0.7646390259261832;0.2574507962089838;0.20149338752786192;0.66
3.0;6;FARE;Re-introduction;2.0;0.276163493793395;0.2893597538308444;0.0746854128808285;0.08352877623270856;0.24
3.0;6;FARE;Re-introduction;2.0;0.1676440539431411;0.1968784146291091;0.0722926817349655;0.0958287708796703;0.16
3.0;6;FARE;Re-introduction;2.0;0.0285398031318712;0.0287168090894862;0.015303270722937;0.0153954028682562;0.22
3.0;6;KEDİ;Introduction;2.0;0.5344258820559754;0.5868024651520927;0.12266740299266493;0.0889341151967134;0.36
3.0;6;KEDİ;Re-introduction;2.0;0.1743678112519349;0.1932369099189285;0.0624425347755463;0.05113611831109116;0.3
3.0;6;KEDİ;Re-introduction;2.0;0.1552568910598408;0.1624641779588268;0.06375917805811747;0.0570617307034948;0.16
3.0;6;KEDİ;Re-introduction;2.0;0.0718093227237868;0.0789410442335786;0.033690148502868195;0.023899800243542546;0.2
3.0;6;KEDİ;Re-introduction;2.0;0.5564828705358955;0.6258242335128785;0.1659915502905939;0.11690815823165511;0.56
3.0;7;KEDİ;Introduction;0.0;0.3754306952771447;0.3885437247976636;0.0697066704794287;0.04534374817817649;0.36
3.0;7;KEDİ;Maintenance;4.0;0.1280661712321235;0.135665005328786;0.0255163956180403;0.0262335877697934;0.16
3.0;7;KEDİ;Re-introduction;1.0;0.0864064152481061;0.1005228860353507;0.029550157890734202;0.0357835182696386;0.12
3.0;7;KEDİ;Re-introduction;1.0;0.019327530279597202;0.0189006639343534;0.0024854144962868;0.0003856716505044;0.04
3.0;7;KEDİ;Re-introduction;2.0;0.019327530279597202;0.0189006639343534;0.0024854144962868;0.0003856716505044;0.04
3.0;8;FARE;Introduction;0.0;0.760031497845405;0.7985639193459745;0.0906563957818965;0.11655999871300123;0.24
3.0;8;FARE;Re-introduction;2.0;0.3265414942059725;0.3481580706261658;0.06078355306398604;0.0784033765931943;0.22
3.0;8;FARE;Re-introduction;1.0;0.1641159886162032;0.1785222561172416;0.06967647370670679;0.08118363881169893;0.28
3.0;8;FARE;Re-introduction;1.0;0.2248444415525059;0.23030812859751099;0.077172370738348;0.0829527023699033;0.34
3.0;8;KEDİ;Introduction;1.0;1.1345976195839629;1.2114828619999725;0.2675384138663709;0.24142126543480014;0.66
3.0;8;KEDİ;Re-introduction;2.0;0.2302516505817068;0.2409682700755377;0.0457650981805833;0.08620795105270333;0.22
3.0;9;FARE;Introduction;0.0;0.7089023459308298;0.7531246528121951;0.2787544826571849;0.29441062110337834;0.62
3.0;9;FARE;Re-introduction;1.0;0.067713685874783;0.0841013835956166;0.033770262570673004;0.0347527765872727;0.16
3.0;9;KEDİ;Introduction;1.0;0.5757161793437291;0.6072929014587004;0.2299302898264145;0.23410398198408117;0.74
3.0;9;KEDİ;Maintenance;4.0;0.2654674877622225;0.2931401828681139;0.11120237674452871;0.066340298977963;0.24
3.0;9;KEDİ;Re-introduction;0.0;0.1604268397309588;0.2116706463356049;0.1160270570341486;0.0983355571198601;0.22
3.0;9;KEDİ;Re-introduction;1.0;0.1101246234266877;0.1288146035615991;0.0738433897465112;0.0986970976407488;0.18
3.0;10;FARE;Introduction;1.0;0.36059142681117723;0.3906582781427644;0.12617187358794021;0.1069611455411603;0.72
3.0;10;FARE;Maintenance;4.0;0.12244187283773329;0.1207144540202621;0.1030817449800844;0.0943579404816669;0.42000000000000004
3.0;10;FARE;Re-introduction;2.0;0.4656260004154055;0.4907755204446744;0.09256148629131568;0.060149257983501;0.38
3.0;10;FARE;Re-introduction;0.0;0.1518067713802659;0.1595403369440434;0.054357988594698044;0.0548683616477917;0.24
3.0;10;KEDİ;Maintenance;4.0;0.231169214465334;0.25258955871239214;0.0940576539215712;0.0544666880605071;0.4
3.0;10;KEDİ;Maintenance;5.0;0.2048407062046114;0.23163119646216498;0.0843627655538711;0.0517733351305517;0.24
3.0;10;KEDİ;Re-introduction;0.0;0.269249747737399;0.29001190750296824;0.1221117786993449;0.11641943097465912;0.32
3.0;10;KEDİ;Re-introduction;1.0;0.0489171005019564;0.0520369044776325;0.0289282788025882;0.020405070098297;0.12
4.0;1;FARE;Introduction;0.0;0.3640692642162375;0.3867047908092251;0.1296280253499256;0.102311064730292;0.58
4.0;1;FARE;Re-introduction;2.0;0.3181065684376771;0.3263778791175162;0.0910790132190623;0.0375720194475707;0.34
4.0;1;FARE;Re-introduction;1.0;0.0668238085311567;0.08353715163875809;0.027799712617986402;0.0217276402071832;0.28
4.0;1;FARE;Re-introduction;0.0;0.38794599653697515;0.4196343702852821;0.08950200671159204;0.11582090394086667;0.42000000000000004
4.0;1;FARE;Re-introduction;0.0;0.16806492507631499;0.1931885534311604;0.0835604724845633;0.0660861018399181;0.34
4.0;1;KEDİ;Introduction;-1.0;0.3586029966967626;0.3815805950256897;0.19364892673751222;0.09897104359485882;0.62
4.0;1;KEDİ;Maintenance;4.0;0.1245086057460782;0.11990852498542998;0.1070726183993855;0.08156974941116919;0.42000000000000004
4.0;1;KEDİ;Maintenance;4.0;0.1141255711326638;0.1252579743312208;0.028146908218671;0.029930348342570898;0.26
4.0;1;KEDİ;Re-introduction;2.0;0.21693294870439692;0.22145576099334868;0.08112722026627162;0.10046520180401623;0.34
4.0;1;KEDİ;Re-introduction;1.0;0.0973935243222873;0.105956262897311;0.0351439823583741;0.04284519299066971;0.34
4.0;1;KEDİ;Re-introduction;2.0;0.1624192980039069;0.1880622470928927;0.0400746584665465;0.0355201625064722;0.2
4.0;1;KEDİ;Re-introduction;2.0;0.090064386035301;0.1159957178816771;0.022922246122946927;0.045400573621023003;0.26
4.0;2;KEDİ;Introduction;1.0;0.5684060112692721;0.637050891320499;0.23562291409248365;0.255052745288911;0.82
4.0;2;KEDİ;Re-introduction;2.0;0.246310125000427;0.27357494041327407;0.1460175112293824;0.0760355374547438;0.38
4.0;2;KEDİ;Re-introduction;2.0;0.1504421649420108;0.15177139232340017;0.0365396380943439;0.0589686671680829;0.32
4.0;2;KEDİ;Re-introduction;3.0;0.23811836507644601;0.2587173962536231;0.09401763011021791;0.05688481161101867;0.36
4.0;3;FARE;Introduction;0.0;0.2603607870291951;0.2961838286435902;0.14816796778686822;0.0982831736643082;0.68
4.0;3;FARE;Maintenance;4.0;0.5295224936527893;0.5801261916621907;0.07872438003095678;0.09937597428074567;0.58
4.0;3;FARE;Re-introduction;2.0;0.6478625267527603;0.682828015979832;0.17425935933318437;0.16518276617764777;0.76
4.0;3;FARE;Re-introduction;1.0;0.20878373013576298;0.2378558578513931;0.071204766815227;0.07851942453275035;0.38
4.0;3;FARE;Re-introduction;1.0;0.1014402561200873;0.1092686219774616;0.0282028841377197;0.0314284620403915;0.26
4.0;3;FARE;Re-introduction;1.0;0.14226630774171156;0.1506638594216018;0.08018136435957982;0.0310352085955648;0.3
4.0;3;FARE;Re-introduction;1.0;0.34251220659639997;0.3648340321589164;0.05711124743641526;0.08102760032967307;0.34
4.0;3;KEDİ;Introduction;0.0;0.218489528947247;0.2382501647829718;0.0433526246910404;0.06756450320493;0.38
4.0;3;KEDİ;Re-introduction;1.0;0.3777637362239793;0.40268193522942647;0.09274128206413522;0.08347842056630242;0.4
4.0;3;KEDİ;Re-introduction;1.0;0.2072134495646728;0.2182160596314062;0.0669394639203764;0.0636491917205779;0.36
4.0;3;KEDİ;Re-introduction;0.0;0.24770305222570319;0.2492983245467577;0.07650461471521909;0.05339599733741541;0.44
4.0;3;KEDİ;Re-introduction;0.0;0.20409517210899022;0.19865896612276018;0.0326580652053125;0.0338065542264716;0.34
4.0;4;FARE;Introduction;1.0;0.294756780012751;0.3095793574824342;0.0854450985081493;0.0909468991859631;0.52
4.0;4;FARE;Re-introduction;0.0;0.1370518817588205;0.16013857496302225;0.06357638789943351;0.05498298876445356;0.34
4.0;4;FARE;Re-introduction;1.0;0.2413121421651685;0.2673210002274334;0.1252735844217341;0.1243804939388172;0.4
4.0;4;FARE;Re-introduction;0.0;0.3324953702582757;0.35528608584289834;0.0781847293550867;0.0893334273697212;0.4
4.0;4;FARE;Re-introduction;0.0;0.586388939465745;0.6354906123681803;0.20320608947075164;0.20265193829877098;0.6
4.0;4;KEDİ;Introduction;-1.0;0.5196407986927896;0.5196322818870439;0.116571126516215;0.08319760811094719;0.34
4.0;4;KEDİ;Re-introduction;0.0;0.4104113392077411;0.4476762045379714;0.1570612778953521;0.0987769106691372;0.4
4.0;5;FARE;Introduction;0.0;0.2851709526169964;0.314430674740918;0.1462992917400964;0.1383135378063783;0.54
4.0;5;FARE;Re-introduction;1.0;0.25939395696684553;0.3212870018726167;0.09619941940805371;0.11693915423245212;0.54
4.0;5;FARE;Re-introduction;1.0;0.2176650356648441;0.2370504338297716;0.112819050598352;0.1073814279434993;0.46
4.0;5;KEDİ;Introduction;1.0;0.6104792395475523;0.6517683670381827;0.18333036125007007;0.10726153772829773;0.58
4.0;5;KEDİ;Re-introduction;1.0;0.4440830029844782;0.4884287728732336;0.057921798774810684;0.047443808125829115;0.54
4.0;5;KEDİ;Re-introduction;1.0;0.1435297595558711;0.1492449246181431;0.023135167481990283;0.03077887269219539;0.22
4.0;6;FARE;Introduction;0.0;0.5923408714680886;0.6582449081554826;0.27198552652646935;0.1831738736974364;1.08
4.0;6;FARE;Re-introduction;1.0;0.0913411351946087;0.1010346689228474;0.04449359990463424;0.018886141576508555;0.32
4.0;6;KEDİ;Introduction;1.0;0.38018488095288466;0.4080655048113974;0.17190402238957422;0.16597969625642217;0.66
4.0;6;KEDİ;Maintenance;4.0;0.1282960560767638;0.15614191549575349;0.05715108457931372;0.037753399091470186;0.28
4.0;6;KEDİ;Re-introduction;2.0;0.0725676808460573;0.0718615192698394;0.0492811612571717;0.03169378514134079;0.3
4.0;6;KEDİ;Re-introduction;2.0;0.1966508535508699;0.2111170868711287;0.07803519549690892;0.05982615646110399;0.44
4.0;8;FARE;Introduction;-1.0;0.51706970561558;0.5516050068090614;0.10733089426953135;0.18211525520116234;0.54
4.0;8;FARE;Re-introduction;1.0;0.4287741891911301;0.4412575482187809;0.052995206799327677;0.0975171506621909;0.48
4.0;8;KEDİ;Introduction;0.0;0.32203226600478135;0.34848091424523747;0.12253904467238083;0.09680112168478938;0.58
4.0;9;FARE;Introduction;0.0;0.3019861895859319;0.32701356188393693;0.0766485940796923;0.14450619636476505;0.56
4.0;9;FARE;Maintenance;4.0;0.3050778481038534;0.32127749540165057;0.0912036517295232;0.08119538183416987;0.44
4.0;9;FARE;Maintenance;4.0;0.2996671012124952;0.3309474238978603;0.061952642680502996;0.06073084668301981;0.3
4.0;9;FARE;Re-introduction;2.0;0.18994740303540947;0.2076666843290111;0.07569439280768747;0.07747811584536331;0.3
4.0;9;FARE;Re-introduction;2.0;0.2304839841305502;0.2525585866930657;0.017730528132288485;0.05666290622659605;0.28
4.0;9;KEDİ;Introduction;1.0;0.31754414992152163;0.3377036948768082;0.09616313617356947;0.15168360294364397;0.48
4.0;9;KEDİ;Maintenance;4.0;0.0457408870973978;0.0448363540189593;0.01279542023375312;0.01722217134330143;0.18
4.0;9;KEDİ;Maintenance;4.0;0.1452653474909213;0.1489737035198856;0.04652999865159236;0.051377465793397456;0.22
4.0;9;KEDİ;Re-introduction;2.0;0.38343061803374234;0.43793547881109013;0.132999112058663;0.13426332293284948;0.38
4.0;9;KEDİ;Re-introduction;0.0;0.5915343796055121;0.6211925030518078;0.14147867395782043;0.15948896860121148;0.58
4.0;9;KEDİ;Re-introduction;1.0;0.0882213147949478;0.0981534182519455;0.044236438857168346;0.028181111003691;0.26
4.0;10;FARE;Introduction;-1.0;0.4184337846544265;0.4400313383570367;0.12077221095588611;0.14897364813344371;0.48
4.0;10;FARE;Re-introduction;1.0;0.1822275306795571;0.2054136136079033;0.033720186936137;0.036256051169845004;0.34
4.0;10;KEDİ;Introduction;1.0;0.3497819549772408;0.3807146463056462;0.1802473879130498;0.1456776858779877;0.94
4.0;10;KEDİ;Re-introduction;1.0;0.3302288929810927;0.3679480435194986;0.13510073197295838;0.10070367042397117;0.52
4.0;10;KEDİ;Re-introduction;1.0;0.05073305794051;0.053922234630682;0.0401489668756374;0.0366639001892162;0.26
10.0;1;FARE;Introduction;0.0;0.4754193967157868;0.5158843289829477;0.12502864647659115;0.12873574094078633;0.58
10.0;1;FARE;Re-introduction;1.0;0.1219223703785849;0.1267382612486124;0.030007045251154302;0.01875159799774312;0.3
10.0;1;KEDİ;Introduction;-1.0;0.5279502776184598;0.5824427187080548;0.11830327435435682;0.06981923747153435;0.8
10.0;1;KEDİ;Re-introduction;1.0;0.29016821978533397;0.3201796047658529;0.07940527311607071;0.058480753684941204;0.68
10.0;2;KEDİ;Introduction;0.0;0.38139413412409173;0.3959222898362187;0.03337216332392879;0.05482965065552574;0.32
10.0;2;KEDİ;Introduction;0.0;0.0093411862930981;0.0106683481647769;0.007241131118343147;0.0059109764547905005;0.1
10.0;2;KEDİ;Re-introduction;1.0;0.0424606017551545;0.0511462341154593;0.015716860895769694;0.010966606976329988;0.24
10.0;3;FARE;Introduction;0.0;0.7334937128980386;0.7704454440768704;0.1157397058685261;0.08764199151649249;0.64
10.0;3;KEDİ;Introduction;-2.0;0.0546256118910074;0.0609001668217469;0.0219146104266083;0.01505938804623212;0.2
10.0;3;KEDİ;Introduction;0.0;0.0546256118910074;0.0609001668217469;0.0219146104266083;0.01505938804623212;0.2
10.0;3;KEDİ;Maintenance;5.0;0.6288242517637698;0.6605981034450935;0.12838338393758686;0.06652049705180801;0.46
10.0;4;FARE;Introduction;1.0;0.5145694155565365;0.5595537462866658;0.1408225208141754;0.06580936529065093;0.82
10.0;4;KEDİ;Introduction;-1.0;0.15913365679372932;0.1560400090713488;0.0621163868757185;0.029784617426843567;0.36
10.0;5;FARE;Introduction;-1.0;0.6559960933691658;0.7006066700514701;0.1573942078852499;0.125461645344498;0.66
10.0;5;FARE;Re-introduction;1.0;0.1533653329323106;0.1607555412273754;0.029561321175888222;0.016884116779893526;0.22
10.0;5;KEDİ;Introduction;1.0;0.7527421287335037;0.8065734711609437;0.13004541451143045;0.08080963719544168;0.54
10.0;5;KEDİ;Re-introduction;1.0;0.7959070793384434;0.8478688136748803;0.1373400359068191;0.10195877585518964;0.58
10.0;6;FARE;Introduction;-1.0;0.1088439079696992;0.1102845072676;0.035704317479513;0.014309103559257599;0.24
10.0;6;KEDİ;Introduction;0.0;0.8182053719123515;0.8750230191291558;0.23156666273811619;0.22864634477582732;0.8599999999999999
10.0;6;KEDİ;Re-introduction;1.0;0.3592344400526045;0.3665361024451269;0.05770142095126188;0.06374676166913251;0.46
10.0;7;KEDİ;Re-introduction;-1.0;0.2607396599923722;0.2613544288347987;0.042918441679601196;0.04097441359189254;0.16
10.0;8;FARE;Introduction;0.0;0.5871537000125271;0.6170973265955615;0.09393084829933813;0.07663922584977836;0.76
10.0;8;KEDİ;Introduction;1.0;0.41286381453561727;0.4552953405566095;0.07241080704963222;0.06417645837410536;0.68
10.0;9;FARE;Introduction;0.0;0.513583063146596;0.534344857367218;0.07933995973656414;0.06573796840916421;0.54
10.0;9;FARE;Re-introduction;1.0;0.1647382185122866;0.1775444484397789;0.050426317060164;0.029144906627957524;0.44
10.0;9;KEDİ;Introduction;1.0;0.3943753888098418;0.421221674753583;0.11335520549902055;0.058520518743230034;0.74
10.0;9;KEDİ;Re-introduction;0.0;0.19499849930929575;0.2098317644239523;0.0209278439819428;0.01983956165153397;0.22
10.0;9;KEDİ;Re-introduction;1.0;0.8712061147378549;0.9145259723379079;0.10981549158370998;0.09838562093619975;0.5
10.0;10;FARE;Introduction;1.0;0.2754572992803009;0.2913807318425975;0.0912609387960158;0.04661327201208763;0.5
10.0;10;KEDİ;Introduction;-1.0;0.2597204050716258;0.2853585679486551;0.0380065128764364;0.03969245074841601;0.4
10.0;10;KEDİ;Maintenance;5.0;0.2950011401252653;0.319089051634726;0.07376736092157177;0.041557404132814536;0.42000000000000004
12.0;1;FARE;Introduction;-1.0;0.3701588057105731;0.4045224659870677;0.09637735609850051;0.1161392290973838;0.52
12.0;1;KEDİ;Introduction;-2.0;0.2593123967347756;0.2872293949460599;0.05090576161695703;0.051411453630881856;0.32
12.0;2;KEDİ;Introduction;0.0;0.4228473648582095;0.4675973199221555;0.17700812759848666;0.1966403397026713;0.62
12.0;3;FARE;Introduction;-1.0;0.4386573495922763;0.47582748587340234;0.10848490027080278;0.09418966219679993;0.52
12.0;3;FARE;Re-introduction;1.0;0.3522777192532875;0.3912454602277504;0.0716319774744038;0.0522957768035236;0.34
12.0;3;FARE;Re-introduction;1.0;0.1356684515917674;0.1535382390196158;0.053541193437594496;0.0733352872735495;0.42000000000000004
12.0;3;FARE;Re-introduction;0.0;0.1659538324680535;0.1829138886228729;0.0415734139118239;0.0434628455215749;0.18
12.0;3;KEDİ;Introduction;-1.0;0.2659030412831957;0.2870476272037754;0.13866254443491732;0.1071329579230971;0.7
12.0;3;KEDİ;Re-introduction;1.0;0.1489521451583904;0.168895986884478;0.07077330652636626;0.0406036661128209;0.3
12.0;3;KEDİ;Re-introduction;0.0;0.164843596272335;0.17496112483966242;0.0347827140402611;0.0307424348868417;0.16
12.0;4;FARE;Introduction;1.0;0.2489809414116779;0.2674848827936731;0.0909206446814187;0.06841823790942055;0.38
12.0;4;FARE;Re-introduction;0.0;0.0786747469020388;0.0790264644863422;0.018941518598292097;0.013671149479502247;0.16
12.0;4;FARE;Re-introduction;1.0;0.2625940227461497;0.2805098135998973;0.084587313297125;0.08618414447561691;0.42000000000000004
12.0;4;KEDİ;Introduction;-1.0;0.6609346898766216;0.7162930071625221;0.16208582700848506;0.1531588644859969;0.7
12.0;4;KEDİ;Re-introduction;1.0;0.0900252761284703;0.1063161863224049;0.05821634412976699;0.03406187363590137;0.28
12.0;5;FARE;Introduction;-1.0;0.5366064071521482;0.5809013088493024;0.14561614034743223;0.1541630995858386;0.64
12.0;5;FARE;Re-introduction;0.0;0.1549465710409756;0.1765102394615511;0.03791088992822404;0.04036230979017659;0.36
12.0;5;KEDİ;Introduction;1.0;0.2716603946834766;0.304232719640864;0.0963997399893527;0.08154083294900995;0.52
12.0;6;FARE;Introduction;-1.0;0.1792851336032345;0.1917530230525215;0.0930037651526526;0.07218686191815313;0.34
12.0;6;FARE;Re-introduction;0.0;0.3963550841710151;0.4425154075929321;0.1286255967629743;0.1222457347020313;0.52
12.0;6;KEDİ;Introduction;1.0;0.6446577830088679;0.6955849019761637;0.2332735231408426;0.22277303992104214;1.38
12.0;8;FARE;Introduction;0.0;0.404057564510253;0.4322773089686897;0.14272927991654621;0.12524074415081188;1.0
12.0;8;KEDİ;Introduction;1.0;0.1903494729930944;0.2169189948136152;0.0652315510032471;0.0458023366862097;0.4
12.0;9;FARE;Introduction;0.0;0.2001721716518245;0.22271211816344538;0.05739157706044509;0.08070533180031035;0.3
12.0;9;FARE;Maintenance;4.0;0.2584130357588645;0.2723023178548061;0.036481247002272864;0.0373216905557749;0.3
12.0;9;FARE;Re-introduction;1.0;0.2500215000279119;0.2812738700445765;0.08792404515725413;0.07444346482268333;0.4
12.0;9;KEDİ;Introduction;1.0;0.3103813695189506;0.3369870892255833;0.10662166525043425;0.07541351698860033;0.42000000000000004
12.0;9;KEDİ;Re-introduction;0.0;0.20342699956850158;0.2282339009882914;0.06279740870171562;0.0519674239909959;0.34
12.0;9;KEDİ;Re-introduction;1.0;0.193276003897958;0.2091986707749908;0.0615967373665345;0.0583811859907288;0.3
12.0;10;FARE;Introduction;0.0;0.1492043029969845;0.1624730395837441;0.0426431574561502;0.046828865143382;0.32
12.0;10;KEDİ;Introduction;-1.0;0.31598268017679;0.35026410758652493;0.1221005001897485;0.09292238246892534;0.4
12.0;10;KEDİ;Re-introduction;1.0;0.0555658618754679;0.0649525722733448;0.028187777220005213;0.02055628033697839;0.24
13.0;1;FARE;Re-introduction;1.0;0.6094767425667018;0.6515772703759108;0.1708100067610814;0.180774139023911;0.4
13.0;2;KEDİ;Re-introduction;1.0;0.2084882305817767;0.24717030889027;0.036464707303987404;0.048875443655034205;0.28
13.0;3;FARE;Introduction;-2.0;0.32112669165139807;0.36429595425490807;0.07575191639007955;0.054410304889071295;0.4
13.0;3;FARE;Re-introduction;1.0;0.1289034112827453;0.1395428621788725;0.0224040572063278;0.0233956995317734;0.2
13.0;4;FARE;Introduction;1.0;0.21713227705470947;0.2440516069238938;0.07493713113897747;0.0765294361094486;0.38
13.0;4;FARE;Re-introduction;0.0;0.5259433825232144;0.5869423791601669;0.1323902937069796;0.12490640055714793;0.8599999999999999
13.0;4;FARE;Re-introduction;1.0;0.0899258982387397;0.1059740971718399;0.02126278198272069;0.021430518507874637;0.24
13.0;5;FARE;Introduction;0.0;0.376299212878343;0.4096139613373689;0.07597355982749464;0.09920821848504768;0.52
13.0;5;FARE;Re-introduction;0.0;0.0252496724046186;0.0289722381258047;0.005854526770567071;0.0071961803014499;0.14
13.0;5;FARE;Re-introduction;2.0;0.057836592083872804;0.0663329825364956;0.0227367014202778;0.012676915912922394;0.12
13.0;6;FARE;Introduction;0.0;0.09727897601142049;0.11266775440483481;0.03441521555756294;0.0331686000625602;0.32
13.0;6;FARE;Re-introduction;1.0;0.2177423936675694;0.2410750086091051;0.04858511982512308;0.038438330210078975;0.32
13.0;6;FARE;Re-introduction;0.0;0.4229402715324617;0.4642905275684018;0.0847495979938571;0.1001695391603581;0.44
13.0;8;FARE;Introduction;0.0;0.419085071838229;0.4495433134758675;0.0576782855126271;0.0862204636930904;0.34
13.0;8;FARE;Re-introduction;1.0;0.5032294405801809;0.554797806335508;0.1350973984587787;0.130266352628166;0.24
13.0;9;FARE;Introduction;1.0;0.5482006166531155;0.6132954237995913;0.09406917608627571;0.10805224033274427;0.66
13.0;9;FARE;Re-introduction;1.0;0.0170331569002512;0.0195349126014242;0.0111449483626083;0.0129009981099943;0.16
13.0;10;FARE;Introduction;1.0;0.5336648908274132;0.5489073697683273;0.10611392009806263;0.10613143097117532;0.38
13.0;10;FARE;Re-introduction;2.0;0.0526811548549587;0.0744671784080453;0.01907653215985179;0.020674315636461903;0.2
13.0;10;FARE;Re-introduction;2.0;0.2560817746606373;0.2751861565238618;0.0628420721763761;0.044526987978472224;0.34
14.0;1;FARE;Introduction;-1.0;0.1379003078650696;0.14141805008020542;0.03647237889017322;0.04009907416468157;0.3
14.0;1;FARE;Re-introduction;1.0;0.12209237240763239;0.1449574093043147;0.03678614463442626;0.026394860251660997;0.2
14.0;1;FARE;Re-introduction;0.0;0.7846988198006285;0.8708561850640906;0.2515197310395947;0.1841229999076398;0.42000000000000004
14.0;1;FARE;Re-introduction;0.0;0.22585237026983151;0.2653970629938888;0.085347215970468;0.0513180411333646;0.36
14.0;1;KEDİ;Re-introduction;2.0;0.1930109794510181;0.2038518293939659;0.08234671139476611;0.0507581064455782;0.32
14.0;1;KEDİ;Re-introduction;1.0;0.2187476715453476;0.2367282104950323;0.069485000957349;0.053688182110584404;0.24
14.0;1;KEDİ;Re-introduction;2.0;0.1808797384055758;0.1991701998956105;0.0813363788819407;0.0649098157256815;0.2
14.0;1;KEDİ;Re-introduction;1.0;0.23499837881295832;0.2511338636759791;0.0420900301979341;0.0476547784178006;0.22
14.0;2;KEDİ;Introduction;0.0;0.3762992330309306;0.3888991227762044;0.0697063775522172;0.06620751097109273;0.24
14.0;3;FARE;Introduction;-2.0;0.3157250772548018;0.3497248980624227;0.11628451750870519;0.1362584003524999;0.3
14.0;3;FARE;Re-introduction;1.0;0.5361777478484967;0.5805982108746777;0.1076948806467696;0.10847887081051474;0.36
14.0;3;KEDİ;Introduction;-1.0;0.1742733690597111;0.1996727787583252;0.0504369385267854;0.0290326195159946;0.28
14.0;3;KEDİ;Re-introduction;1.0;0.5334426337734057;0.5704444863181833;0.12113908184880763;0.12155520741130657;0.48
14.0;4;FARE;Introduction;1.0;0.7136982033700124;0.754478201310883;0.14116726016821482;0.09596120076892561;0.72
14.0;4;FARE;Re-introduction;2.0;0.5999877041144352;0.6416673246220013;0.056254945380495;0.06455905401163212;0.52
14.0;4;KEDİ;Introduction;-1.0;0.4152890729591142;0.4555592789015585;0.09750311304698384;0.05120932199612502;0.46
14.0;5;FARE;Introduction;-1.0;0.371150799723384;0.37750597476768644;0.16088376582742045;0.15431553761450476;0.4
14.0;5;FARE;Re-introduction;2.0;0.2988924796965673;0.3151805704348899;0.06015762457181603;0.0405671626353583;0.32
14.0;5;KEDİ;Introduction;1.0;0.2600556153717498;0.3003774236731731;0.06658227610377909;0.0513155386241294;0.42000000000000004
14.0;5;KEDİ;Re-introduction;1.0;0.5814449001274711;0.6402189703412012;0.1180334223778988;0.11650878771801462;0.4
14.0;6;FARE;Introduction;1.0;0.6480737772193433;0.6955980071292489;0.17297209214129092;0.162068990594122;0.5
14.0;6;FARE;Re-introduction;2.0;0.1924095958130831;0.2215197889475907;0.0355987709457035;0.02412313202934726;0.28
14.0;6;FARE;Re-introduction;0.0;0.2387192271449729;0.24762961678344592;0.0312307492473669;0.027454850341515;0.2
14.0;6;KEDİ;Introduction;0.0;0.4644737151733811;0.5072186784019889;0.07391521001406497;0.0725439538318048;0.26
14.0;6;KEDİ;Re-introduction;2.0;0.0688868452893437;0.08251712215865864;0.0126627927183339;0.028987188608262802;0.14
14.0;7;KEDİ;Introduction;1.0;0.4823335022244095;0.5243924048501996;0.1474386993606233;0.13079846881904472;0.38
14.0;7;KEDİ;Re-introduction;1.0;0.2356457392015322;0.251025236639755;0.0350225129729144;0.045311138646304136;0.2
14.0;8;FARE;Introduction;0.0;1.0863523195852722;1.1891815534330965;0.12984514234211686;0.12505014896329056;0.48
14.0;8;KEDİ;Introduction;1.0;0.5101513132419897;0.554912364536964;0.1354921098456847;0.10032453290741596;0.68
14.0;9;FARE;Introduction;0.0;0.0504752497518489;0.0507717614788881;0.013292911421903;0.010409087956006858;0.18
14.0;9;FARE;Re-introduction;2.0;0.1558780906588997;0.1721092934942075;0.03811835584126158;0.0229531066422465;0.22
14.0;9;KEDİ;Introduction;1.0;0.2706053200353446;0.2886560824103687;0.1338566992021632;0.0901951853530924;0.28
14.0;9;KEDİ;Re-introduction;2.0;0.3608390583102803;0.3915536191559644;0.0898133421848441;0.056358190066850444;0.3
14.0;9;KEDİ;Re-introduction;0.0;0.5826626953388349;0.6190310728848474;0.11377859619531198;0.09572654315602963;0.52
14.0;10;FARE;Introduction;0.0;1.0143270132609303;1.0786345434747775;0.12327262843809897;0.11969066166258414;0.38
14.0;10;FARE;Re-introduction;2.0;0.7100354206833249;0.778135011802097;0.1268216242854183;0.10095737977293358;0.56
14.0;10;FARE;Re-introduction;2.0;0.3082111200490814;0.3319491994266997;0.06250583430151127;0.0688640951045865;0.5
14.0;10;KEDİ;Introduction;1.0;0.4079054625384666;0.4323100868708954;0.10376167839587083;0.07467420504925762;0.42000000000000004
14.0;10;KEDİ;Re-introduction;2.0;0.7258569499417684;0.782061295182131;0.1651823723034147;0.11659336646097028;0.6
14.0;10;KEDİ;Re-introduction;2.0;0.0650048715323394;0.0706253430028552;0.0141967366223282;0.0168413190234658;0.18
15.0;1;FARE;Introduction;-2.0;0.2563054844791155;0.2699406505008928;0.07656079640232169;0.0595555849700174;0.3
15.0;1;KEDİ;Introduction;0.0;0.6653272290608242;0.6910526923430533;0.1476353972380349;0.1083203457318001;0.52
15.0;1;KEDİ;Re-introduction;0.0;0.0923950164635991;0.1069573985255846;0.00968953013864629;0.017956010471949;0.14
15.0;1;KEDİ;Re-introduction;3.0;0.2805617462285898;0.31591310677779294;0.057373095418798384;0.05699234524674262;0.52
15.0;2;KEDİ;Introduction;0.0;0.1321105045169662;0.1379317632286307;0.0158455694901995;0.023952359950877994;0.2
15.0;2;KEDİ;Re-introduction;2.0;0.2479020333068524;0.26177629231403327;0.03163787975867293;0.06563874801184465;0.26
15.0;3;FARE;Introduction;-2.0;0.7228268403245951;0.7559162323923451;0.18843823576920354;0.1585701756003377;0.56
15.0;3;FARE;Re-introduction;1.0;0.40710762579679377;0.4285576067066033;0.10256214256711628;0.09667734627939653;0.52
15.0;3;FARE;Re-introduction;1.0;0.1664214300979255;0.1761207237838703;0.03509167142653356;0.03497894824304199;0.28
15.0;3;KEDİ;Introduction;-1.0;0.1638989736245687;0.16529926905474632;0.022778980544089514;0.016517008873352886;0.26
15.0;3;KEDİ;Re-introduction;1.0;0.19199793244712637;0.2000664304618909;0.0523547861010204;0.02288162772071854;0.16
15.0;3;KEDİ;Re-introduction;1.0;0.7331312508921504;0.7985762868044156;0.16594768438413435;0.139634450495804;0.44
15.0;3;KEDİ;Re-introduction;1.0;0.3884163208061242;0.3989671145413905;0.0521899449529839;0.0741374965621179;0.34
15.0;4;FARE;Introduction;-1.0;0.7059788569875355;0.7645014090498621;0.16319291363563312;0.14175231896283294;0.8599999999999999
15.0;4;FARE;Re-introduction;1.0;0.310471689121751;0.3279773719802832;0.0485081119683309;0.05351767321160696;0.32
15.0;4;FARE;Re-introduction;1.0;0.14438742748924022;0.1501835191428568;0.0245020003946495;0.0104386857129403;0.14
15.0;4;FARE;Re-introduction;1.0;0.1531645725632525;0.1741164224925168;0.032375687404052125;0.0280571598728564;0.3
15.0;4;KEDİ;Introduction;1.0;0.42725307807302587;0.4495750177138326;0.05753128564700073;0.1076110472124412;0.56
15.0;4;KEDİ;Re-introduction;0.0;0.3472090293701417;0.3628125955375831;0.0837281553136037;0.10449360803903651;0.32
15.0;4;KEDİ;Re-introduction;1.0;0.3637422956967376;0.3938621395341881;0.0729171827241995;0.0824659461181166;0.18
15.0;5;FARE;Introduction;-1.0;0.3733373782861669;0.4036772349338895;0.08217224952231655;0.10374060179140276;0.42000000000000004
15.0;5;FARE;Re-introduction;1.0;0.2812041549424012;0.2885346784666922;0.04991737670839194;0.0310319062956151;0.32
15.0;5;FARE;Re-introduction;1.0;0.34766239343217187;0.39128592854538713;0.0804699124115238;0.09348742618032461;0.46
15.0;5;FARE;Re-introduction;1.0;0.3085809038070664;0.34291141666643654;0.06157308305445915;0.06147724281920231;0.42000000000000004
15.0;5;FARE;Re-introduction;1.0;0.12230431400419792;0.13317649665687703;0.0338258931274824;0.05365256431562987;0.32
15.0;5;KEDİ;Introduction;1.0;0.6525809330991145;0.684449217831662;0.11871722819359948;0.1291470886297714;0.42000000000000004
15.0;5;KEDİ;Maintenance;4.0;0.1301684327310078;0.1462012183733834;0.0565227494394889;0.06820897107453577;0.16
15.0;5;KEDİ;Re-introduction;1.0;0.2093597840366812;0.2260003628595173;0.0491066777331709;0.061641917858305605;0.24
15.0;5;KEDİ;Re-introduction;1.0;0.0632586694595085;0.0679185422537902;0.017596816573434;0.0311775081027534;0.12
15.0;5;KEDİ;Re-introduction;1.0;0.3664481778154022;0.38994654948084256;0.1065504214782895;0.07016667932778271;0.28
15.0;6;FARE;Introduction;0.0;0.3485968902628449;0.3555321192008839;0.0742782980466916;0.0744318989202204;0.34
15.0;6;FARE;Re-introduction;3.0;0.6269420232922436;0.6766795656120019;0.09589841531850267;0.0805291792214085;0.5
15.0;6;FARE;Re-introduction;2.0;0.3372109414566984;0.35802487231950897;0.05628184112516186;0.051456926737059296;0.42000000000000004
15.0;6;FARE;Re-introduction;0.0;1.3215084761882578;1.4046869495616596;0.22251923270119567;0.2187987987681125;0.42000000000000004
15.0;6;KEDİ;Introduction;1.0;1.0630117293939798;1.1284599151911752;0.18969637128253658;0.15400759342438564;0.68
15.0;6;KEDİ;Maintenance;4.0;0.2288778688159465;0.2309910140477563;0.0586278890600845;0.044663195967687974;0.24
15.0;6;KEDİ;Re-introduction;2.0;0.2934587242863457;0.3012776224156948;0.0630805775585616;0.07458211061180949;0.4
15.0;6;KEDİ;Re-introduction;2.0;0.1013600948420705;0.11242884721065491;0.03341858753144315;0.02363844020013458;0.28
15.0;7;KEDİ;Introduction;-1.0;1.1297431740534876;1.2018890926141836;0.2209552037777332;0.1348204923835041;0.64
15.0;8;FARE;Introduction;0.0;0.4568817168532848;0.48924648091403444;0.0959483297881302;0.0645670226365582;0.38
15.0;8;FARE;Re-introduction;1.0;0.4628749378541346;0.5047079393964297;0.11452768492298179;0.12676089916999592;0.52
15.0;8;FARE;Re-introduction;2.0;0.4108188701838369;0.4305801897107006;0.0773774367231694;0.058109578939978;0.52
15.0;8;KEDİ;Introduction;1.0;0.8233397097833847;0.8700869698401373;0.19623790881940928;0.19904254021738882;0.52
15.0;8;KEDİ;Re-introduction;2.0;0.4961114838609282;0.5197182209059616;0.06917558000247981;0.098861003624326;0.28
15.0;8;KEDİ;Re-introduction;1.0;0.1474393436759629;0.15283768904106448;0.0600274312630873;0.0322894642742454;0.28
15.0;9;FARE;Introduction;0.0;0.2310315207249821;0.2502647766010065;0.06275068074469155;0.0648354923712795;0.42000000000000004
15.0;9;FARE;Re-introduction;3.0;0.24388444307439638;0.2638782651298454;0.043048613977836145;0.04105124482298816;0.34
15.0;9;KEDİ;Introduction;1.0;0.779822626088104;0.8401923846666559;0.16116319768587548;0.19116191055123238;0.72
15.0;9;KEDİ;Re-introduction;0.0;0.1366426098119183;0.1484562388776857;0.0440469262597645;0.0417174714688105;0.22
15.0;10;FARE;Introduction;0.0;0.6524275257564356;0.6906971453504686;0.11722931009529317;0.09865381141811454;0.46
15.0;10;FARE;Re-introduction;2.0;0.22829622554480128;0.24454120084184;0.0407284321849858;0.0412567669871714;0.3
15.0;10;FARE;Re-introduction;2.0;0.2248765572488436;0.24659643834591588;0.047962174507425084;0.0646685875727954;0.22
15.0;10;KEDİ;Introduction;1.0;0.6686210709993858;0.7292951239608538;0.13399026819730278;0.130816433125429;1.0
15.0;10;KEDİ;Re-introduction;2.0;0.4252977403735946;0.46602973800117925;0.09331604699795233;0.0732555823527972;0.4
15.0;10;KEDİ;Re-introduction;2.0;0.2043025626107848;0.2288860308721816;0.027571406662235787;0.015216140269864706;0.26
15.0;10;KEDİ;Re-introduction;1.0;0.3101804108191709;0.34498874129267443;0.10029607227752607;0.12447635509814839;0.42000000000000004
16.0;1;FARE;Introduction;-2.0;0.2618973204980147;0.2960730236524509;0.154151399784851;0.07239199887729042;0.44
16.0;1;KEDİ;Introduction;0.0;0.1537262210697442;0.18866233858014508;0.0807039935710791;0.0577857383047225;0.32
16.0;2;KEDİ;Introduction;0.0;0.1834525066459892;0.19112350132755349;0.1089467702134193;0.0487722408521639;0.18
16.0;3;FARE;Introduction;-1.0;0.2246661178831608;0.23663400199792778;0.09163551055720111;0.0631919654239327;0.36
16.0;3;KEDİ;Introduction;1.0;0.2206314508104736;0.2383408619994424;0.08365616691104416;0.05635309760637607;0.52
16.0;4;FARE;Introduction;-1.0;0.0492596835151585;0.056862099193119;0.01717224651555773;0.016109154583346816;0.18
16.0;4;KEDİ;Introduction;1.0;0.3842919362363352;0.4394210888113532;0.2187395880294958;0.11488513313533559;0.8599999999999999
16.0;4;KEDİ;Re-introduction;0.0;0.1670971509779977;0.187047339757276;0.044817997085002205;0.041940586499894995;0.28
16.0;5;FARE;Introduction;-1.0;0.4057920792289394;0.44506333396576;0.1603993176460215;0.1051610104508046;0.72
16.0;5;KEDİ;Introduction;1.0;0.902407818192294;0.9297353366793558;0.15169925248435856;0.16285210680567644;0.76
16.0;5;KEDİ;Re-introduction;1.0;0.5814228277553064;0.6388084456240488;0.20131666529485748;0.150743242273113;0.28
16.0;6;FARE;Introduction;1.0;0.4040614174904265;0.4407530447198872;0.15664809616868405;0.11202569518358088;0.8599999999999999
16.0;6;KEDİ;Introduction;0.0;0.210488580517986;0.2048369037031476;0.07077023442606073;0.0624701595237911;0.48
16.0;7;KEDİ;Introduction;-1.0;0.6468562689277776;0.6566078551908454;0.1060236398660447;0.1537272821454165;0.62
16.0;8;FARE;Introduction;0.0;0.2222315562896301;0.2322628754668149;0.04815380196788079;0.07492502704588609;0.24
16.0;8;KEDİ;Introduction;1.0;0.2912654353543488;0.3069954150183606;0.0734940655686901;0.05421643537228713;0.34
16.0;9;FARE;Introduction;0.0;0.23600683493155888;0.2557091196749172;0.07787869101820018;0.0711229893605425;0.42000000000000004
16.0;9;FARE;Re-introduction;2.0;0.5269023505940311;0.546692513484286;0.17632017466678748;0.15558829752785575;0.56
16.0;9;FARE;Re-introduction;1.0;0.3473916114011851;0.3876448821105239;0.08941354957640406;0.14787094338219103;0.4
16.0;9;KEDİ;Introduction;1.0;0.3401178952660535;0.3508646984007466;0.1167127566020863;0.09674523499423685;0.58
16.0;9;KEDİ;Re-introduction;0.0;0.2898743715239202;0.2961678749120782;0.110483162302508;0.0777003044604702;0.2
16.0;10;FARE;Introduction;0.0;0.3016832764485415;0.3220022847523854;0.06505964886152192;0.04699535446449981;0.44
16.0;10;FARE;Re-introduction;2.0;0.1379778151457845;0.1405714473251767;0.025379102266017296;0.022706908875883662;0.3
16.0;10;KEDİ;Introduction;1.0;0.6473628787779933;0.7251563432365675;0.2051772593790401;0.14060671590427576;0.5
18.0;1;FARE;Introduction;0.0;0.3918816784949226;0.4082746981327405;0.11608417806369835;0.07065828238837832;0.52
18.0;1;FARE;Re-introduction;1.0;0.0660337057518294;0.06759717000221589;0.012160246189397799;0.0125449952562141;0.14
18.0;1;FARE;Re-introduction;1.0;0.1942191872596051;0.223016143338;0.0546882106159991;0.0443656792805951;0.26
18.0;1;KEDİ;Introduction;-1.0;0.8466136881671253;0.9053375814938155;0.25848987287066244;0.17294371715625287;0.72
18.0;1;KEDİ;Re-introduction;2.0;0.1434152066610543;0.1589210083272009;0.0468400362701488;0.0220854932632175;0.16
18.0;3;FARE;Introduction;-1.0;0.0543366344167656;0.0618881545046487;0.0217844614066665;0.016229550021361755;0.18
18.0;4;FARE;Introduction;-1.0;0.4090557225190661;0.4628761530369559;0.16968583396972292;0.1451012769648522;0.88
18.0;5;FARE;Introduction;0.0;0.0132566202524039;0.013878612047445501;0.001419100875495436;0.004504939683231238;0.1
18.0;5;FARE;Re-introduction;2.0;0.1560305980034138;0.1711435134050863;0.026293707373918715;0.021459233548892565;0.26
18.0;7;KEDİ;Introduction;0.0;0.6847550002328953;0.7149931983204179;0.1806665741755458;0.2107078458027358;0.54
18.0;8;FARE;Introduction;0.0;0.3732739639038173;0.3896291203278218;0.10504028352529156;0.0739086457304686;0.22
18.0;9;FARE;Introduction;0.0;0.172701383449378;0.1766377141884317;0.021854920106088162;0.0387960071760555;0.22
18.0;9;FARE;Maintenance;4.0;0.1328094336000442;0.110518915513454;0.0442365820296085;0.044379828086948604;0.26
18.0;9;FARE;Re-introduction;3.0;0.19627411438330628;0.2007194666138348;0.0390910587297055;0.0614361923022775;0.22
18.0;9;FARE;Re-introduction;2.0;0.2379001973666092;0.25489532961659367;0.0738839558230117;0.0343253100500469;0.28
18.0;10;FARE;Introduction;1.0;0.13698145620593688;0.1432441949877736;0.0177150594168005;0.0246453057995724;0.24
18.0;10;FARE;Re-introduction;2.0;0.1705372196318571;0.18058862538165132;0.0452662712551164;0.027103630236908885;0.24
19.0;1;FARE;Introduction;-1.0;0.1842488423776545;0.188169554632243;0.049487877165707544;0.0394222216166144;0.32
19.0;1;FARE;Re-introduction;1.0;0.24828254352786258;0.2807708872174679;0.0765579043754947;0.04782890505331236;0.26
19.0;1;KEDİ;Introduction;0.0;0.46662216481025065;0.5268063506743053;0.12891717936778008;0.10306643210312896;0.58
19.0;1;KEDİ;Re-introduction;2.0;0.4244816070938956;0.4562447672938691;0.15525767540273083;0.0901701722395633;0.4
19.0;1;KEDİ;Re-introduction;1.0;0.08551368832793854;0.0973766280377667;0.0492992192871883;0.027326379771948392;0.34
19.0;1;KEDİ;Re-introduction;1.0;0.1305410166583769;0.1350958896088668;0.04357440358355219;0.05927708060940561;0.34
19.0;2;KEDİ;Introduction;0.0;0.1364506377390001;0.14034973924949679;0.04216676605817338;0.03327784539247207;0.38
19.0;2;KEDİ;Re-introduction;1.0;0.1526961878160591;0.1737258129310732;0.07014590060853369;0.04482499423381228;0.34
19.0;3;FARE;Introduction;-1.0;0.943154696075221;0.9897484766168895;0.19585697066380922;0.18593506716265729;0.52
19.0;3;FARE;Re-introduction;0.0;0.1234070569595596;0.1279237667120843;0.040066912469097396;0.031215755896718225;0.3
19.0;3;KEDİ;Maintenance;3.0;0.0838982467800438;0.1019845707744505;0.037727507604922696;0.03724235530295984;0.32
19.0;3;KEDİ;Maintenance;5.0;0.0891098310092376;0.102493174816893;0.03270919029929593;0.052734676738193806;0.26
19.0;3;KEDİ;Re-introduction;1.0;0.1306781859746417;0.1363951453531444;0.030665004965424878;0.0303501192297492;0.2
19.0;4;FARE;Introduction;1.0;0.534104655346941;0.5598766089703268;0.13479653851159779;0.1486672755743094;0.68
19.0;4;FARE;Re-introduction;2.0;0.2854221713323706;0.28173843171833013;0.09640099638770061;0.0630529905245179;0.36
19.0;4;KEDİ;Introduction;-1.0;0.4080924600998867;0.4504451484738825;0.1148897671263015;0.0974351700206876;0.52
19.0;5;FARE;Introduction;-1.0;0.2534714033874311;0.2764396054535281;0.0871261848166123;0.07953267608999474;0.42000000000000004
19.0;5;FARE;Maintenance;3.0;0.2811869648444425;0.3093013050852418;0.1345272884536951;0.1100620264008983;0.62
19.0;5;FARE;Re-introduction;1.0;0.0561841812929567;0.061668061101958;0.02920898531422156;0.0193165859605279;0.16
19.0;5;KEDİ;Introduction;1.0;0.928821098405265;1.000498738861049;0.1815553876210722;0.1208818010084862;0.66
19.0;5;KEDİ;Re-introduction;1.0;0.0780871140234169;0.0821259793375724;0.0430903999778416;0.0283147329360606;0.24
19.0;6;FARE;Introduction;1.0;0.5661514530950709;0.6125098356774192;0.1606988594240586;0.1275638139376553;0.54
19.0;6;FARE;Re-introduction;0.0;0.0568202098543689;0.0566354371297147;0.017924841313385446;0.0188270042184276;0.24
19.0;6;KEDİ;Introduction;0.0;0.521566968207711;0.5578403047093129;0.1358025964836791;0.1741236724391392;0.34
19.0;6;KEDİ;Maintenance;5.0;0.1789823295744674;0.2098887714755766;0.15978801615614158;0.0880250781349058;0.36
19.0;6;KEDİ;Re-introduction;2.0;0.1808816869661241;0.1860535190081705;0.0485137991582078;0.0636038626056576;0.34
19.0;7;KEDİ;Introduction;-1.0;0.8620050217144953;0.9118736836160508;0.07571920570434579;0.13422208366256183;0.38
19.0;8;FARE;Introduction;0.0;0.36664075766456106;0.3864900490282374;0.09417555307440183;0.14254609864077505;0.52
19.0;8;FARE;Re-introduction;1.0;0.18589172498451978;0.1949789918269358;0.0685352609094991;0.08358876637893563;0.3
19.0;8;KEDİ;Introduction;1.0;0.2665356948493039;0.2934216287399986;0.05343203848299116;0.07552104321619252;0.4
19.0;9;FARE;Introduction;1.0;0.4090212044617081;0.426501087983342;0.1198976359858433;0.09503547647246753;0.54
19.0;9;FARE;Re-introduction;1.0;0.17105081259914298;0.17369082154077436;0.027060804264718498;0.040072042390728396;0.24
19.0;9;KEDİ;Introduction;0.0;0.2324761461201486;0.262402388174095;0.0776940677643285;0.1076909455853149;0.36
19.0;9;KEDİ;Re-introduction;0.0;0.293344638640781;0.3327041650534331;0.1274749364078671;0.0646920980583511;0.52
19.0;10;FARE;Introduction;1.0;0.3429577886531055;0.3565722733968711;0.105606498212056;0.1255384749114961;0.54
19.0;10;FARE;Re-introduction;0.0;0.40552123552845887;0.4185879529287256;0.07996158855228307;0.09145704824394811;0.52
19.0;10;FARE;Re-introduction;1.0;0.2102468784966152;0.221953896177847;0.0447148368378111;0.03983257505039283;0.26
19.0;10;KEDİ;Introduction;-1.0;0.124837644209975;0.1349338290789322;0.054076613012670346;0.0483617675932509;0.28
19.0;10;KEDİ;Re-introduction;1.0;0.1905902180643427;0.22151557747339148;0.09140970331086944;0.08343166418077494;0.44
19.0;10;KEDİ;Re-introduction;1.0;0.3126965592606735;0.34206307548591;0.07351120687175038;0.0537588562763697;0.3
20.0;1;FARE;Introduction;-2.0;0.4981316492985535;0.5099346114685332;0.06999609463624461;0.0589593212503587;0.46
20.0;1;KEDİ;Maintenance;5.0;0.1169809799764373;0.1342807398292217;0.023386184012467347;0.0204043166232281;0.28
20.0;1;KEDİ;Re-introduction;1.0;0.2641235404312315;0.2839206013619652;0.05740466175899109;0.05049591882582163;0.4
20.0;2;KEDİ;Introduction;0.0;0.0719311554935764;0.0748371143667006;0.02523976822897204;0.0192685971860344;0.26
20.0;3;FARE;Introduction;-1.0;0.2979470990588487;0.3190582419563025;0.07759870543617485;0.07208478647538244;0.7
20.0;3;KEDİ;Introduction;-1.0;0.19509601166614982;0.2142211975649453;0.06325712288821657;0.047440902623824825;0.54
20.0;4;FARE;Introduction;1.0;0.3695827127575469;0.39436784169993927;0.1084209823668609;0.0924072585752694;0.68
20.0;4;KEDİ;Introduction;-1.0;0.1818213873005545;0.2044454913853455;0.09207316747134071;0.04377710342574397;0.38
20.0;5;FARE;Introduction;0.0;0.1053693243322472;0.10699193108812488;0.020739936481270052;0.027762707331578686;0.16
20.0;5;KEDİ;Introduction;1.0;0.2543156622039045;0.2916523735696216;0.08116680817238643;0.05603976473789914;0.38
20.0;6;FARE;Introduction;1.0;0.5455804676205418;0.5708930497805161;0.16852476147372486;0.12907935528886424;1.6800000000000002
20.0;6;KEDİ;Introduction;0.0;0.3008723689571435;0.3248160504616209;0.0405815374301961;0.04942653255647561;0.44
20.0;8;FARE;Introduction;0.0;0.0655607944245074;0.0681598194303233;0.02504030296380449;0.0250095368830972;0.34
20.0;8;FARE;Re-introduction;1.0;0.1058715938390283;0.11456463938168909;0.011588342155090565;0.0094957918705463;0.12
20.0;8;KEDİ;Introduction;1.0;0.5008052600887171;0.5489629356752554;0.14963249250057944;0.13273168545511901;0.8400000000000001
20.0;9;FARE;Introduction;0.0;0.2283230558664188;0.2458706067383339;0.05780064882002347;0.06266514136468264;0.44
20.0;9;FARE;Maintenance;3.0;0.16911506568666182;0.1821649254171914;0.07731650385996933;0.0512404281436621;0.4
20.0;9;KEDİ;Introduction;1.0;0.3755604783143173;0.412182493407528;0.1435985727832023;0.057850780793822554;0.64
20.0;10;FARE;Introduction;-1.0;0.12710128394125467;0.1349756545290424;0.024088970733679684;0.0205841288930636;0.32
20.0;10;KEDİ;Introduction;0.0;0.37126984905891564;0.4082466870450733;0.10188989928937642;0.10483003438551154;0.88
20.0;10;KEDİ;Re-introduction;1.0;0.2178625697371571;0.2474675567725719;0.051500587587814194;0.0522083928877551;0.48
21.0;1;FARE;Introduction;-1.0;0.5014357074809507;0.5269331304754477;0.1309449246121138;0.0990824324924774;0.52
21.0;1;FARE;Re-introduction;1.0;0.289207290434285;0.2983750942656961;0.0653911689759327;0.0856832827068717;0.32
21.0;1;KEDİ;Introduction;-2.0;0.3093409990919347;0.3437915784932879;0.09538463870548476;0.0798702367647784;0.58
21.0;1;KEDİ;Maintenance;5.0;0.1116976010959552;0.1075998921049064;0.044440239969597305;0.02982406496275485;0.28
21.0;1;KEDİ;Re-introduction;1.0;0.22413457732664396;0.23247618081823634;0.0826941756669594;0.09212801659518102;0.46
21.0;2;KEDİ;Introduction;0.0;0.47458536641661336;0.5286109558898937;0.2085679746836935;0.1785231296314025;0.48
21.0;2;KEDİ;Re-introduction;0.0;0.133250690383546;0.1633080069694927;0.0853455407188138;0.042870326513779713;0.32
21.0;3;FARE;Introduction;-2.0;0.2078198040222932;0.2392240175544865;0.11672143284702888;0.06573014059226577;0.48
21.0;3;FARE;Maintenance;3.0;0.0977351841719596;0.1032912964650208;0.0370341134420979;0.028021170553762825;0.24
21.0;3;FARE;Re-introduction;1.0;0.18598840268307829;0.2002453274613454;0.0682198050726929;0.04550304113622225;0.38
21.0;3;KEDİ;Introduction;-1.0;0.1213571471019381;0.1368889674755281;0.0389936500191291;0.030319970422315;0.24
21.0;3;KEDİ;Re-introduction;0.0;0.208246426626776;0.2109502749906545;0.023129504585031792;0.038822363790034786;0.26
21.0;4;FARE;Introduction;1.0;0.4646662144689843;0.5015606675975189;0.17706790672667877;0.10678765153763657;0.64
21.0;4;KEDİ;Introduction;-1.0;0.4936870401519706;0.5281662350895674;0.10563992688124875;0.07403207461172498;0.52
21.0;5;FARE;Introduction;0.0;0.171965083670785;0.1891603440745106;0.0421809369844674;0.02770407273494798;0.3
21.0;5;FARE;Re-introduction;1.0;0.2673104600341248;0.28776416173125957;0.1191835990616138;0.0779357609995391;0.24
21.0;5;KEDİ;Introduction;1.0;0.6569887729225673;0.7098784209378658;0.2196514665577104;0.1343196416338747;0.58
21.0;5;KEDİ;Re-introduction;1.0;0.112089246797325;0.1140937332588976;0.03417671305478691;0.0207099835907798;0.22
21.0;5;KEDİ;Re-introduction;1.0;0.0768562842473106;0.07544738948143834;0.0237197587763332;0.0290172141122174;0.14
21.0;6;FARE;Introduction;1.0;0.404504827299209;0.4542542275582569;0.15294838996783167;0.0814398879011368;0.52
21.0;6;FARE;Re-introduction;0.0;0.2933721894829958;0.3286215850362587;0.054914870347906874;0.08141152435703561;0.38
21.0;6;KEDİ;Introduction;0.0;0.0817163617040768;0.08623522708517836;0.013317336167843509;0.0217194344071996;0.2
21.0;6;KEDİ;Maintenance;5.0;0.1952778749844759;0.2096176060079017;0.0655738024423038;0.07604885718548188;0.34
21.0;6;KEDİ;Re-introduction;2.0;0.1667863992842963;0.1684381911993028;0.0433128034419865;0.0410870442617152;0.18
21.0;7;KEDİ;Introduction;-1.0;0.9875015416143429;1.0767436151793761;0.198867030329093;0.26443191573949687;0.54
21.0;7;KEDİ;Re-introduction;1.0;0.1870085429333388;0.2011211470535051;0.0588311722271321;0.0487478765840683;0.38
21.0;7;KEDİ;Re-introduction;1.0;0.2524067985266595;0.287556081590279;0.04548898755356809;0.06063484216500274;0.24
21.0;8;FARE;Introduction;0.0;0.5611886030122829;0.6031771442706633;0.15273696581063215;0.131548524568537;0.36
21.0;8;FARE;Re-introduction;1.0;0.2970956459255446;0.3246358803134202;0.0366887625364119;0.0842939138341593;0.38
21.0;8;KEDİ;Introduction;1.0;0.36357343740614995;0.3957830660075461;0.09879346802567272;0.110243478787077;0.52
21.0;9;FARE;Introduction;0.0;0.1202909166221551;0.1231753462876786;0.0358383817859456;0.028162369873626723;0.26
21.0;9;FARE;Maintenance;4.0;0.1517891024597223;0.1596534853436913;0.025076384547573757;0.0470831606716186;0.24
21.0;9;FARE;Re-introduction;1.0;0.24057391879891243;0.25706634460114863;0.052183089622111815;0.05518959833131598;0.3
21.0;9;KEDİ;Introduction;1.0;0.5664182394726835;0.600613982604333;0.17467925134587717;0.1415521870664975;1.24
21.0;9;KEDİ;Re-introduction;0.0;0.18469383412784982;0.1834292147481811;0.084630423261011;0.04267538941378572;0.32
21.0;9;KEDİ;Re-introduction;1.0;0.1996485933677833;0.2131167346136447;0.0492662430966807;0.03988296714166254;0.24
21.0;10;FARE;Introduction;1.0;0.8592503718560125;0.9197265629190297;0.2032276495879715;0.15597456952297936;1.04
21.0;10;FARE;Re-introduction;0.0;0.162391133015849;0.1838122294822196;0.0537682759541916;0.04957010556666965;0.28
21.0;10;KEDİ;Introduction;-1.0;0.43017122594304097;0.4823832448017535;0.1233629057117912;0.1311190906643842;0.54
21.0;10;KEDİ;Maintenance;5.0;0.48459178574864553;0.48818016442525464;0.09477872775259359;0.1835830662720384;0.54
21.0;10;KEDİ;Re-introduction;1.0;0.1660293909862321;0.1781779468423472;0.03932222075148201;0.015000404925445158;0.24